{"acc": 0.9015662670135498, "prec0": 0.9213380813598633, "prec1": 0.6103093028068542, "rec0": 0.9720888733863831, "rec1": 0.3449883460998535, "auroc": 0.866926970246028, "auprc": 0.5155434770815939, "minpse": 0.5058275058275058}