{"acc": 0.9029037356376648, "prec0": 0.9223097562789917, "prec1": 0.6206896305084229, "rec0": 0.9724979996681213, "rec1": 0.35457706451416016, "auroc": 0.8653199995875914, "auprc": 0.5235802495651859, "minpse": 0.507531865585168}